{
  "wer_scores": [
    0.0,
    0.14285714285714285,
    0.0,
    0.0,
    0.0,
    0.5555555555555556,
    0.0,
    0.25,
    0.0,
    0.05263157894736842,
    0.0,
    0.08333333333333333,
    0.16666666666666666,
    0.26666666666666666,
    0.0,
    0.15,
    0.0,
    0.0,
    0.0,
    0.0,
    0.047619047619047616,
    0.0,
    0.0,
    0.0,
    0.08,
    0.07142857142857142,
    0.0,
    0.045454545454545456,
    0.05,
    0.0,
    0.0,
    0.11538461538461539,
    0.0,
    0.0,
    0.0,
    0.0,
    0.0,
    0.0,
    0.25,
    0.0,
    0.0,
    0.0,
    0.0,
    0.23076923076923078,
    0.0,
    0.16666666666666666,
    0.0,
    0.3076923076923077,
    0.0,
    0.16666666666666666,
    0.05,
    0.0,
    0.0,
    0.14285714285714285,
    2.6666666666666665,
    0.0,
    0.0,
    0.07692307692307693,
    0.0,
    0.0,
    0.06666666666666667,
    0.0,
    0.1875,
    0.25,
    0.0,
    0.0,
    0.0,
    0.07142857142857142,
    0.0,
    0.8333333333333334,
    0.0,
    0.0,
    0.0,
    0.0,
    0.21052631578947367,
    0.0,
    0.0,
    0.2,
    0.1,
    0.0,
    0.15384615384615385,
    0.0,
    0.0,
    0.08,
    0.0,
    0.09523809523809523,
    0.14285714285714285,
    0.08695652173913043,
    0.0,
    0.5,
    0.13043478260869565,
    0.0,
    0.0625,
    0.0,
    0.0,
    0.3684210526315789,
    0.16666666666666666,
    0.125,
    0.0,
    0.0
  ],
  "cer_scores": [
    0.0,
    0.02857142857142857,
    0.0,
    0.0,
    0.0,
    0.6292134831460674,
    0.0,
    0.045454545454545456,
    0.0,
    0.023076923076923078,
    0.0,
    0.0379746835443038,
    0.06097560975609756,
    0.2222222222222222,
    0.0,
    0.1693548387096774,
    0.0,
    0.0,
    0.0,
    0.0,
    0.017857142857142856,
    0.0,
    0.0,
    0.0,
    0.0072992700729927005,
    0.031578947368421054,
    0.0,
    0.006993006993006993,
    0.01904761904761905,
    0.0,
    0.0,
    0.0410958904109589,
    0.0,
    0.0,
    0.0,
    0.0,
    0.0,
    0.0,
    0.057692307692307696,
    0.0,
    0.0,
    0.0,
    0.0,
    0.0821917808219178,
    0.0,
    0.11428571428571428,
    0.0,
    0.0410958904109589,
    0.0,
    0.05952380952380952,
    0.043859649122807015,
    0.0,
    0.0,
    0.04310344827586207,
    1.2857142857142858,
    0.0,
    0.0,
    0.0425531914893617,
    0.0,
    0.0,
    0.010526315789473684,
    0.0,
    0.18604651162790697,
    0.2553191489361702,
    0.0,
    0.0,
    0.0,
    0.013888888888888888,
    0.0,
    0.46153846153846156,
    0.0,
    0.0,
    0.0,
    0.0,
    0.05825242718446602,
    0.0,
    0.0,
    0.01818181818181818,
    0.046153846153846156,
    0.0,
    0.045454545454545456,
    0.0,
    0.0,
    0.015267175572519083,
    0.0,
    0.024,
    0.047619047619047616,
    0.08759124087591241,
    0.0,
    0.04938271604938271,
    0.014184397163120567,
    0.0,
    0.010416666666666666,
    0.0,
    0.0,
    0.20869565217391303,
    0.034482758620689655,
    0.0975609756097561,
    0.0,
    0.0
  ],
  "latencies": [
    315.415620803833,
    57.38472938537598,
    178.68876457214355,
    56.20884895324707,
    130.1097869873047,
    164.83378410339355,
    99.26438331604004,
    88.43040466308594,
    167.0544147491455,
    169.4176197052002,
    99.18332099914551,
    100.21781921386719,
    128.47113609313965,
    148.84710311889648,
    164.69430923461914,
    168.79701614379883,
    171.64254188537598,
    145.73264122009277,
    148.30708503723145,
    168.73478889465332,
    164.83473777770996,
    167.78993606567383,
    147.1121311187744,
    127.38370895385742,
    166.3804054260254,
    140.07115364074707,
    96.76361083984375,
    168.1973934173584,
    148.6504077911377,
    101.36556625366211,
    174.238920211792,
    177.7360439300537,
    170.67909240722656,
    85.80446243286133,
    36.66853904724121,
    167.44756698608398,
    70.18446922302246,
    97.40686416625977,
    143.46861839294434,
    98.6471176147461,
    98.75679016113281,
    170.11404037475586,
    89.47300910949707,
    95.78871726989746,
    76.44987106323242,
    166.06760025024414,
    142.9905891418457,
    99.37477111816406,
    128.2362937927246,
    125.95629692077637,
    166.95284843444824,
    144.55842971801758,
    167.6337718963623,
    173.27451705932617,
    78.90152931213379,
    167.80924797058105,
    147.90630340576172,
    99.05648231506348,
    164.01004791259766,
    168.96915435791016,
    146.37303352355957,
    165.97843170166016,
    145.050048828125,
    167.82569885253906,
    54.75497245788574,
    143.24617385864258,
    166.97287559509277,
    138.9319896697998,
    128.17001342773438,
    170.40514945983887,
    140.1658058166504,
    132.3983669281006,
    172.55759239196777,
    173.3236312866211,
    172.1646785736084,
    162.2767448425293,
    129.41575050354004,
    56.72907829284668,
    168.1046485900879,
    104.89368438720703,
    91.76206588745117,
    166.8989658355713,
    163.83695602416992,
    173.2463836669922,
    135.29181480407715,
    217.49114990234375,
    56.732177734375,
    215.7301902770996,
    92.01693534851074,
    95.89552879333496,
    216.77112579345703,
    211.73405647277832,
    130.263090133667,
    127.5327205657959,
    126.26361846923828,
    171.2336540222168,
    75.25777816772461,
    54.75211143493652,
    169.08907890319824,
    170.99857330322266
  ],
  "audio_durations": [
    9.062902494331066,
    2.236235827664399,
    8.203764172335601,
    2.4336054421768707,
    6.264897959183673,
    7.669705215419501,
    5.3244897959183675,
    4.140272108843537,
    7.878684807256236,
    8.27342403628118,
    5.347709750566893,
    5.301269841269841,
    6.0443083900226755,
    7.263356009070295,
    7.7509750566893425,
    8.761043083900226,
    7.948344671201814,
    6.9150566893424035,
    7.425895691609977,
    8.145714285714286,
    7.565215419501134,
    8.62172335600907,
    6.601587301587301,
    5.661179138321995,
    8.401133786848073,
    6.473877551020408,
    4.848480725623583,
    8.575283446712017,
    6.857006802721089,
    5.266439909297052,
    9.248662131519275,
    9.132562358276644,
    7.785804988662131,
    3.8384126984126983,
    1.1100680272108843,
    7.867074829931973,
    3.025714285714286,
    5.196780045351474,
    6.555147392290249,
    5.3244897959183675,
    5.185170068027211,
    8.110884353741497,
    4.30281179138322,
    5.057460317460317,
    3.6642630385487527,
    7.692925170068027,
    6.624807256235828,
    5.347709750566893,
    5.951428571428571,
    5.60312925170068,
    7.797414965986395,
    6.740907029478458,
    8.377913832199546,
    8.749433106575964,
    3.722312925170068,
    8.517233560090704,
    6.775736961451247,
    5.080680272108843,
    7.55360544217687,
    7.925124716553288,
    7.007936507936508,
    7.646485260770975,
    6.8802267573696145,
    8.12249433106576,
    2.503265306122449,
    6.648027210884353,
    8.47079365079365,
    6.473877551020408,
    5.812108843537415,
    8.923582766439909,
    6.450657596371882,
    6.276507936507937,
    9.097732426303855,
    7.994784580498866,
    8.27342403628118,
    7.55360544217687,
    6.113968253968254,
    2.781904761904762,
    8.761043083900226,
    5.347709750566893,
    4.233151927437642,
    7.925124716553288,
    7.58843537414966,
    9.213832199546486,
    6.102358276643991,
    9.840770975056689,
    2.747074829931973,
    9.8059410430839,
    4.593061224489796,
    5.057460317460317,
    9.887210884353742,
    9.596961451247166,
    6.3113378684807255,
    5.904988662131519,
    5.846938775510204,
    8.31986394557823,
    3.5249433106575965,
    2.561315192743764,
    8.180544217687075,
    8.970022675736962
  ],