{
  "wer_scores": [
    0.08695652173913043,
    0.0,
    0.0,
    0.0,
    0.0,
    0.0,
    0.0,
    0.16666666666666666,
    0.0,
    0.0,
    0.0,
    0.0,
    0.0,
    0.13333333333333333,
    0.0,
    0.0,
    0.06666666666666667,
    0.0,
    0.0,
    0.09523809523809523,
    0.047619047619047616,
    0.0,
    0.0,
    0.0,
    0.0,
    0.07142857142857142,
    0.0,
    0.0,
    0.0,
    0.09090909090909091,
    0.0,
    0.038461538461538464,
    0.0,
    0.375,
    0.0,
    0.125,
    0.0,
    0.07142857142857142,
    0.0,
    0.0,
    0.0,
    0.0,
    0.0,
    0.3076923076923077,
    0.0,
    0.0,
    0.05555555555555555,
    0.3076923076923077,
    0.06666666666666667,
    0.1111111111111111,
    0.05,
    0.0,
    0.0,
    0.047619047619047616,
    1.3333333333333333,
    0.15384615384615385,
    0.11764705882352941,
    0.0,
    0.0,
    0.0,
    0.2,
    0.0,
    0.0,
    0.1,
    0.0,
    0.0,
    0.0,
    0.0,
    0.16666666666666666,
    0.3333333333333333,
    0.0,
    0.1111111111111111,
    0.0,
    0.05263157894736842,
    0.15789473684210525,
    0.0,
    0.0,
    0.0,
    0.0,
    0.3,
    0.07692307692307693,
    0.0,
    0.0,
    0.04,
    0.0,
    0.14285714285714285,
    0.14285714285714285,
    0.0,
    0.0,
    0.2,
    0.08695652173913043,
    0.043478260869565216,
    0.0,
    0.0,
    0.0,
    0.15789473684210525,
    0.08333333333333333,
    0.375,
    0.0,
    0.0
  ],
  "cer_scores": [
    0.018518518518518517,
    0.0,
    0.0,
    0.0,
    0.0,
    0.0,
    0.0,
    0.015151515151515152,
    0.0,
    0.0,
    0.0,
    0.0,
    0.0,
    0.011111111111111112,
    0.0,
    0.0,
    0.039603960396039604,
    0.0,
    0.0,
    0.025,
    0.008928571428571428,
    0.0,
    0.0,
    0.0,
    0.0,
    0.031578947368421054,
    0.0,
    0.0,
    0.0,
    0.014285714285714285,
    0.0,
    0.00684931506849315,
    0.0,
    0.14,
    0.0,
    0.046511627906976744,
    0.0,
    0.024691358024691357,
    0.0,
    0.0,
    0.0,
    0.0,
    0.0,
    0.273972602739726,
    0.0,
    0.0,
    0.10204081632653061,
    0.0547945205479452,
    0.012195121951219513,
    0.023809523809523808,
    0.043859649122807015,
    0.0,
    0.0,
    0.02586206896551724,
    0.23809523809523808,
    0.02962962962962963,
    0.009615384615384616,
    0.0,
    0.0,
    0.0,
    0.021052631578947368,
    0.0,
    0.0,
    0.010638297872340425,
    0.0,
    0.0,
    0.0,
    0.0,
    0.03409090909090909,
    0.046153846153846156,
    0.0,
    0.04597701149425287,
    0.0,
    0.008771929824561403,
    0.04854368932038835,
    0.0,
    0.0,
    0.0,
    0.0,
    0.08571428571428572,
    0.015151515151515152,
    0.0,
    0.0,
    0.007633587786259542,
    0.0,
    0.048,
    0.047619047619047616,
    0.0,
    0.0,
    0.012345679012345678,
    0.0070921985815602835,
    0.02962962962962963,
    0.0,
    0.0,
    0.0,
    0.05217391304347826,
    0.017241379310344827,
    0.12195121951219512,
    0.0,
    0.0
  ],
  "latencies": [
    2949.2223262786865,
    1230.656385421753,
    1892.6091194152832,
    1187.8857612609863,
    1602.0557880401611,
    1850.2089977264404,
    1725.7370948791504,
    1520.5700397491455,
    2143.824338912964,
    1987.5483512878418,
    1412.1203422546387,
    1454.8957347869873,
    1704.8850059509277,
    1793.0495738983154,
    2130.589723587036,
    1945.4646110534668,
    1572.2661018371582,
    1704.8447132110596,
    1744.999885559082,
    2162.8048419952393,
    2894.0043449401855,
    2037.247896194458,
    1787.2440814971924,
    1617.7959442138672,
    2290.6334400177,
    1872.0448017120361,
    1533.9040756225586,
    2207.2646617889404,
    1912.2135639190674,
    1619.1744804382324,
    1868.3106899261475,
    2373.006820678711,
    1701.6313076019287,
    1371.9449043273926,
    995.4872131347656,
    3036.7496013641357,
    1206.0680389404297,
    1542.1185493469238,
    1803.093433380127,
    1552.2639751434326,
    1554.1636943817139,
    2800.6186485290527,
    1335.3307247161865,
    1467.5629138946533,
    1380.2030086517334,
    1890.8812999725342,
    2627.372980117798,
    1679.9981594085693,
    1720.2069759368896,
    1882.2386264801025,
    2781.515598297119,
    1935.5435371398926,
    2024.109125137329,
    2058.8507652282715,
    1212.66508102417,
    2145.230770111084,
    2624.79829788208,
    1541.349172592163,
    2002.6230812072754,
    1792.7055358886719,
    1878.3349990844727,
    2128.788709640503,
    1792.4363613128662,
    1920.9387302398682,
    1204.535961151123,
    1752.6650428771973,
    1795.1302528381348,
    1624.9816417694092,
    1918.898582458496,
    1583.556890487671,
    1582.5419425964355,
    1668.2488918304443,
    2045.8705425262451,
    1959.4650268554688,
    1877.436637878418,
    1793.0643558502197,
    1664.8061275482178,
    1373.1820583343506,
    2699.6634006500244,
    1665.9786701202393,
    1500.788688659668,
    2300.809383392334,
    2824.615955352783,
    3201.9968032836914,
    1791.9182777404785,
    3038.804769515991,
    1159.379005432129,
    2947.037935256958,
    1452.1477222442627,
    1409.4102382659912,
    2295.729637145996,
    2210.2909088134766,
    1707.5929641723633,
    1620.8992004394531,
    1495.1403141021729,
    8774.982690811157,
    1537.9900932312012,
    1288.0022525787354,
    1835.95609664917,
    1793.4937477111816
  ],
  "audio_durations": [
    9.062902494331066,
    2.236235827664399,
    8.203764172335601,
    2.4336054421768707,
    6.264897959183673,
    7.669705215419501,
    5.3244897959183675,
    4.140272108843537,
    7.878684807256236,
    8.27342403628118,
    5.347709750566893,
    5.301269841269841,
    6.0443083900226755,
    7.263356009070295,
    7.7509750566893425,
    8.761043083900226,
    7.948344671201814,
    6.9150566893424035,
    7.425895691609977,
    8.145714285714286,
    7.565215419501134,
    8.62172335600907,
    6.601587301587301,
    5.661179138321995,
    8.401133786848073,
    6.473877551020408,
    4.848480725623583,
    8.575283446712017,
    6.857006802721089,
    5.266439909297052,
    9.248662131519275,
    9.132562358276644,
    7.785804988662131,
    3.8384126984126983,
    1.1100680272108843,
    7.867074829931973,
    3.025714285714286,
    5.196780045351474,
    6.555147392290249,
    5.3244897959183675,
    5.185170068027211,
    8.110884353741497,
    4.30281179138322,
    5.057460317460317,
    3.6642630385487527,
    7.692925170068027,
    6.624807256235828,
    5.347709750566893,
    5.951428571428571,
    5.60312925170068,
    7.797414965986395,
    6.740907029478458,
    8.377913832199546,
    8.749433106575964,
    3.722312925170068,
    8.517233560090704,
    6.775736961451247,
    5.080680272108843,
    7.55360544217687,
    7.925124716553288,
    7.007936507936508,
    7.646485260770975,
    6.8802267573696145,
    8.12249433106576,
    2.503265306122449,
    6.648027210884353,
    8.47079365079365,
    6.473877551020408,
    5.812108843537415,
    8.923582766439909,
    6.450657596371882,
    6.276507936507937,
    9.097732426303855,
    7.994784580498866,
    8.27342403628118,
    7.55360544217687,
    6.113968253968254,
    2.781904761904762,
    8.761043083900226,
    5.347709750566893,
    4.233151927437642,
    7.925124716553288,
    7.58843537414966,
    9.213832199546486,
    6.102358276643991,
    9.840770975056689,
    2.747074829931973,
    9.8059410430839,
    4.593061224489796,
    5.057460317460317,
    9.887210884353742,
    9.596961451247166,
    6.3113378684807255,
    5.904988662131519,
    5.846938775510204,
    8.31986394557823,
    3.5249433106575965,
    2.561315192743764,
    8.180544217687075,
    8.970022675736962
  ],