{
  "metrics": {
    "classification_report": {
      "Non-toxic": {
        "precision": 0.29458917835671344,
        "recall": 0.3730964467005076,
        "f1-score": 0.3292273236282195,
        "support": 394.0
      },
      "Toxic": {
        "precision": 0.8354430379746836,
        "recall": 0.7808219178082192,
        "f1-score": 0.8072095268747989,
        "support": 1606.0
      },
      "accuracy": 0.7005,
      "macro avg": {
        "precision": 0.5650161081656985,
        "recall": 0.5769591822543634,
        "f1-score": 0.5682184252515092,
        "support": 2000.0
      },
      "weighted avg": {
        "precision": 0.7288948276299435,
        "recall": 0.7005,
        "f1-score": 0.7130470328352227,
        "support": 2000.0
      }
    },
    "confusion_matrix": [
      [
        147,
        247
      ],
      [
        352,
        1254
      ]
    ],
    "roc_auc": 0.6026796720420251,
    "pr_auc": 0.845237417162245,
    "latency": {
      "mean": 14.097768306732178,
      "p95": 14.95126485824585,
      "max": 156.88705444335938
    }
  },
  "error_analysis": {
    "false_positive_count": 247,
    "false_negative_count": 352
  },
  "threshold_analysis": {
    "0.1": {
      "accuracy": 0.733,
      "f1": 0.8364972443355787,
      "precision": 0.8228915662650602,
      "recall": 0.8505603985056039
    },
    "0.2": {
      "accuracy": 0.722,
      "f1": 0.8275434243176178,
      "precision": 0.8244746600741656,
      "recall": 0.8306351183063512
    },
    "0.3": {
      "accuracy": 0.7165,
      "f1": 0.8224240526150955,
      "precision": 0.8273471959672338,
      "recall": 0.8175591531755916
    },
    "0.4": {
      "accuracy": 0.7145,
      "f1": 0.8199306212551246,
      "precision": 0.8306709265175719,
      "recall": 0.8094645080946451
    },
    "0.5": {
      "accuracy": 0.7125,
      "f1": 0.8178650617675008,
      "precision": 0.8323662153449387,
      "recall": 0.8038605230386052
    },
    "0.6": {
      "accuracy": 0.709,
      "f1": 0.8144132653061225,
      "precision": 0.834640522875817,
      "recall": 0.7951432129514321
    },
    "0.7": {
      "accuracy": 0.7005,
      "f1": 0.8072095268747989,
      "precision": 0.8354430379746836,
      "recall": 0.7808219178082192
    },
    "0.8": {
      "accuracy": 0.695,
      "f1": 0.8016905071521456,
      "precision": 0.8387755102040816,
      "recall": 0.7677459526774595
    },
    "0.9": {
      "accuracy": 0.675,
      "f1": 0.7844827586206896,
      "precision": 0.8390070921985816,
      "recall": 0.736612702366127
    }
  }
}